<?xml version="1.0" encoding="UTF-8"?>
<project-private xmlns="http://www.netbeans.org/ns/project-private/1">
    <editor-bookmarks xmlns="http://www.netbeans.org/ns/editor-bookmarks/2" lastBookmarkId="0"/>
    <open-files xmlns="http://www.netbeans.org/ns/projectui-open-files/2">
        <group>
            <file>file:/C:/Users/Linus/Documents/NetBeansProjects/Church/src/Register/RegistrationChoice.java</file>
            <file>file:/C:/Users/Linus/Documents/NetBeansProjects/Church/src/Home/HomePage.java</file>
            <file>file:/C:/Users/Linus/Documents/NetBeansProjects/Church/src/DropOff/DropOff.java</file>
            <file>file:/C:/Users/Linus/Documents/NetBeansProjects/Church/src/Register/AddParent.java</file>
            <file>file:/C:/Users/Linus/Documents/NetBeansProjects/Church/src/Register/AddChild.java</file>
            <file>file:/C:/Users/Linus/Documents/NetBeansProjects/Church/src/Register/AddClass.java</file>
            <file>file:/C:/Users/Linus/Documents/NetBeansProjects/Church/src/PIckUp/PickUp.java</file>
            <file>file:/C:/Users/Linus/Documents/NetBeansProjects/Church/src/Main.java</file>
        </group>
    </open-files>
</project-private>
